keyword,locale,category,search_volume
da plastic surgery,en,plastic-surgery,300
da plastic surgery korea,en,plastic-surgery,100
da plastic surgery clinic,en,plastic-surgery,70
arrow nose,en,plastic-surgery,100
da clinic korea,en,plastic-surgery,40
da plastic surgery photos,en,plastic-surgery,30
protruding mouth surgery,en,plastic-surgery,70
triple jaw surgery,en,plastic-surgery,100
da hospital,en,plastic-surgery,30
da hospital korea,en,plastic-surgery,20
da clinic,en,plastic-surgery,30
full body korean plastic surgery before and after,en,plastic-surgery,200
korea plastic surgery,en,plastic-surgery,500
da surgery,en,plastic-surgery,10
mini facelift korea,en,plastic-surgery,150
sakura plastic surgery,en,plastic-surgery,60
korean plastic surgery,en,plastic-surgery,1500
protruded mouth,en,plastic-surgery,40
seoul plastic surgery,en,plastic-surgery,80
south korean plastic surgery before and after,en,plastic-surgery,100
facial contouring korea,en,plastic-surgery,80
gangnam face,en,plastic-surgery,50
mini face lift korea,en,plastic-surgery,90
breast augmentation in korea,en,plastic-surgery,70
korean breast surgery,en,plastic-surgery,70
facial contouring surgery korea,en,plastic-surgery,70
korea surgery,en,plastic-surgery,70
sakura before and after,en,plastic-surgery,20
inmode korea,en,dermatology,30
gangnam plastic surgery,en,plastic-surgery,50
protruding mouth,en,plastic-surgery,250
sakura nose job,en,plastic-surgery,60
korean plastic surgeons,en,plastic-surgery,80
forehead implant korea,en,plastic-surgery,10
arrow shaped nose,en,plastic-surgery,30
genioplasty korea,en,plastic-surgery,40
inmode lifting,en,dermatology,40
protruding mouth correction,en,plastic-surgery,30
bulbous nose job korea,en,plastic-surgery,20
tummy tuck in korea,en,plastic-surgery,60
da plastic surgery clinic photos,en,plastic-surgery,0
korean forehead implant,en,plastic-surgery,20
da plastic surgery clinic reviews,en,plastic-surgery,10
zygoma reduction,en,plastic-surgery,200
korea before and after,en,plastic-surgery,10
arrow nose shape,en,plastic-surgery,20
korean corner lip lift,en,plastic-surgery,20
sakura nose,en,plastic-surgery,10
pretty bulbous nose,en,plastic-surgery,800
mouth protrusion surgery,en,plastic-surgery,20
da doctor,en,plastic-surgery,20
plastic surgery gangnam beauty,en,plastic-surgery,10
da plastic surgery review,en,plastic-surgery,10
plastic surgery in korea,en,plastic-surgery,200
korean double jaw surgery,en,plastic-surgery,20
inmode fx,en,dermatology,150
south korea plastic surgery,en,plastic-surgery,700
da plastic surgery purseforum,en,plastic-surgery,0
korean jaw surgery,en,plastic-surgery,250
flat nose bridge,en,plastic-surgery,700
short nose,en,plastic-surgery,600
what is a bulbous nose,en,plastic-surgery,400
korean nose,en,plastic-surgery,800
plastic surgery in korea for foreigners,en,plastic-surgery,450
upturned nose,en,plastic-surgery,9000
double eyelid surgery korea,en,plastic-surgery,200
flat nose,en,plastic-surgery,5400
slightly upturned nose,en,plastic-surgery,100
pretty upturned nose,en,plastic-surgery,200
korean eyelid surgery,en,plastic-surgery,400
arm and thigh lift,en,plastic-surgery,40
hip up,en,plastic-surgery,60
nana plastic surgery,en,plastic-surgery,250
nana hospital korea,en,plastic-surgery,50
nana plastic surgery prices,en,plastic-surgery,30
nana plastic surgery photos,en,plastic-surgery,20
nana hospital,en,plastic-surgery,20
nana clinic korea,en,plastic-surgery,10
korean plastic surgery before and after,en,plastic-surgery,800
nana plastic surgery reviews,en,plastic-surgery,100
buccal fat removal korea,en,plastic-surgery,80
nana before surgery,en,plastic-surgery,70
blepharoplasty korea,en,plastic-surgery,100
top 3 plastic surgery hospital in korea,en,plastic-surgery,200
ffs korea,en,plastic-surgery,40
nana kpop plastic surgery,en,plastic-surgery,10
brow bone,en,plastic-surgery,2400
lateral zygoma,en,plastic-surgery,20
korean plastic surgery hospital,en,plastic-surgery,20
나나 성형,en,plastic-surgery,10
nana plastic surgery kpop,en,plastic-surgery,0
korea buccal fat removal,en,plastic-surgery,20
brow bone reduction,en,plastic-surgery,1400
nana after school plastic surgery,en,plastic-surgery,10
nana plastic surgery review,en,plastic-surgery,10
brow bone shave,en,plastic-surgery,200
나나 성형외과,en,plastic-surgery,0
buccal fat removal kpop,en,plastic-surgery,10
brow bone reduction cost,en,plastic-surgery,200
plastic surgery korea,en,plastic-surgery,300
나나성형외과,en,plastic-surgery,10
browbone,en,plastic-surgery,150
rhinoplasty in korea,en,plastic-surgery,70
korean double eyelid surgery,en,plastic-surgery,300
nana korean,en,plastic-surgery,600
woo ah nana plastic surgery,en,plastic-surgery,0
rejuran healer,en,dermatology,1300
oligio facial,en,dermatology,150
oligio treatment,en,dermatology,450
titanium lifting,en,plastic-surgery,300
rejuran korea,en,dermatology,350
oligio lifting,en,dermatology,100
ultherapy korea,en,dermatology,150
korean laser skin treatment price,en,dermatology,80
lienjang,en,dermatology,20
liposuction korea,en,plastic-surgery,150
thread lift korea,en,dermatology,60
lower blepharoplasty korea,en,plastic-surgery,90
korea eyelid surgery,en,plastic-surgery,150
korean rhinoplasty,en,plastic-surgery,400
korean clinic,en,plastic-surgery,50
lienjang clinic,en,dermatology,50
asian rhinoplasty korea,en,plastic-surgery,100
korean thread lift,en,dermatology,100
cheekbone reduction korea,en,plastic-surgery,50
skin treatment in korea price,en,dermatology,40
liposuction in korea,en,plastic-surgery,150
rejuran healer injection,en,dermatology,200
lipo in korea,en,plastic-surgery,90
alarplasty korea,en,plastic-surgery,30
rejuran healer before and after,en,dermatology,150
asian alarplasty,en,plastic-surgery,30
botox in korea,en,dermatology,90
seoul skin clinic,en,dermatology,30
fat dissolving injections korea,en,dermatology,150
before and after rejuran injection,en,dermatology,250
botox korea,en,dermatology,80
botox in korea price,en,dermatology,20
lipo korea,en,plastic-surgery,60
korea liposuction,en,plastic-surgery,50
square jaw,en,plastic-surgery,3400
korean jawline surgery,en,plastic-surgery,80
aesthetic seoul,en,plastic-surgery,100
thermage korea,en,dermatology,20
liposuction cost korea,en,plastic-surgery,70
what is onda,en,plastic-surgery,50
korean face lift,en,plastic-surgery,250
oligio laser,en,dermatology,100
how much is plastic surgery in korea,en,plastic-surgery,100
face fat grafting korea,en,plastic-surgery,50
facelift korea,en,plastic-surgery,100
alar trim,en,plastic-surgery,80
lienjang korea,en,dermatology,10
how much is lip filler in korea,en,dermatology,50
korean skin clinic,en,dermatology,60
aesthetic korea,en,plastic-surgery,50
titanium laser,en,plastic-surgery,150
facelift in korea,en,plastic-surgery,100
double eyelid surgery in korea,en,plastic-surgery,60
korean jaw shaving,en,plastic-surgery,50
korean jaw,en,plastic-surgery,30
liposuction in south korea,en,plastic-surgery,60
rejuran injection before and after,en,dermatology,150
korea double eyelid surgery,en,plastic-surgery,150
stem cell iv drip,en,plastic-surgery,150
korean facelift,en,plastic-surgery,200
korean liposuction before after,en,plastic-surgery,30
fat grafting korea,en,plastic-surgery,40
korean under eye surgery,en,plastic-surgery,40
mini facelift korea price,en,plastic-surgery,80
oligio skin tightening,en,dermatology,30
south korea eyelid surgery,en,plastic-surgery,60
skin clinic seoul,en,dermatology,40
jaw reduction surgery korea,en,plastic-surgery,30
botox seoul,en,dermatology,20
oligio before and after,en,dermatology,70
korean nose job,en,plastic-surgery,1000
korean dermatology,en,dermatology,30
natural korean nose,en,plastic-surgery,50
eyelid surgery in korea,en,plastic-surgery,70
korea rhinoplasty,en,plastic-surgery,150
stem cell facial injections,en,dermatology,100
korean jawline,en,plastic-surgery,50
microneedling korea,en,plastic-surgery,20
eye bag surgery korea,en,plastic-surgery,20
jawline surgery korea,en,plastic-surgery,30
zygoma reduction korea,en,plastic-surgery,30
lip filler korea,en,dermatology,90
korean liposuction,en,plastic-surgery,50
best skin clinic in seoul for foreigners,en,dermatology,90
plastic surgery in korea cost,en,plastic-surgery,70
seoul clinic,en,plastic-surgery,60
oligio rf,en,dermatology,30
south korea face lift,en,plastic-surgery,90
stem cell iv,en,plastic-surgery,250
liposuction korea cost,en,plastic-surgery,50
face lift korea,en,plastic-surgery,70
korean blepharoplasty,en,plastic-surgery,70
eyelid surgery korea,en,plastic-surgery,90
rejuran injection,en,dermatology,2200
korea jaw surgery,en,plastic-surgery,50
smas lifting,en,plastic-surgery,700
korea liposuction cost,en,plastic-surgery,40
how much does full face plastic surgery cost in korea,en,plastic-surgery,60
facial korea,en,plastic-surgery,20
korea jaw shaving,en,plastic-surgery,20
liposuction in korea cost,en,plastic-surgery,50
liposuction south korea,en,plastic-surgery,40
stem cell drip,en,plastic-surgery,40
korean eye bag surgery,en,plastic-surgery,50
korean laser skin treatment,en,dermatology,50
alar base reduction asian,en,plastic-surgery,20
lha peel,en,plastic-surgery,30
how much is v line surgery in korea,en,plastic-surgery,50
botox in seoul,en,dermatology,20
korea facelift,en,plastic-surgery,60
south korea liposuction,en,plastic-surgery,30
smas lift,en,plastic-surgery,400
cell drip,en,plastic-surgery,30
korea face lift,en,plastic-surgery,70
facial in korea,en,plastic-surgery,50
seoul facial,en,plastic-surgery,30
smas facelift before and after,en,plastic-surgery,400
how much is liposuction in korea,en,plastic-surgery,40
stem cell face injection,en,dermatology,50
korea liposuction before after,en,plastic-surgery,20
korean beauty clinic,en,dermatology,20
liftera price,en,plastic-surgery,40
korea lip filler,en,dermatology,60
square jaw reduction,en,plastic-surgery,40
skin treatment in korea,en,dermatology,20
korean double eyelid,en,plastic-surgery,300
double eyelid korean,en,plastic-surgery,50
korean face lift surgery,en,plastic-surgery,20
seoul botox,en,dermatology,10
v line surgery korea cost,en,plastic-surgery,50
korean hyperpigmentation,en,plastic-surgery,40
oligio lifting before and after,en,dermatology,20
liposuction cost in korea,en,plastic-surgery,30
full body liposuction korea price,en,plastic-surgery,50
nose job korean,en,plastic-surgery,20
korean thread lift cost,en,dermatology,20
korean nose plastic surgery,en,plastic-surgery,20
plastic surgery cost in korea,en,plastic-surgery,30
juvelook before and after,en,dermatology,200
south korea stem cell therapy,en,plastic-surgery,30
seoul skincare clinic,en,dermatology,30
skin clinic korea,en,dermatology,10
is botox cheaper in korea,en,dermatology,20
smas face lift,en,plastic-surgery,150
korean dermatology clinic,en,dermatology,20
skin treatments in korea,en,dermatology,40
korean permanent makeup,en,dermatology,10
face fat dissolving injections,en,dermatology,100
facial treatment seoul,en,plastic-surgery,10
lower blepharoplasty korea cost,en,plastic-surgery,80
fat transfer korea,en,plastic-surgery,20
seoul facial clinic,en,plastic-surgery,10
how much is lipo in korea,en,plastic-surgery,20
stem cell iv therapy,en,plastic-surgery,250
square jaw surgery before and after,en,plastic-surgery,10
alar trimming,en,plastic-surgery,20
how much is liposuction in south korea,en,plastic-surgery,20
best skin clinic in seoul,en,dermatology,30
korean cheekbone reduction,en,plastic-surgery,20
korean v line,en,plastic-surgery,20
microblading korea,en,dermatology,30
chin filler korea,en,plastic-surgery,10
liposuction cost in south korea,en,plastic-surgery,20
rejuran skin booster,en,dermatology,1600
square jaw reduction surgery,en,plastic-surgery,20
lien clinic,en,plastic-surgery,10
semi permanent makeup,en,dermatology,700
facelift in south korea,en,plastic-surgery,20
how much does liposuction cost in korea,en,plastic-surgery,20
iv stem cell therapy,en,plastic-surgery,300
jaw surgery in korea,en,plastic-surgery,20
alar reduction,en,plastic-surgery,300
korean laser hair removal,en,dermatology,10
plastic surgery in korea price,en,plastic-surgery,10
korean lifting facial,en,plastic-surgery,10
laser hair removal korea,en,dermatology,20
how much is laser hair removal in korea,en,dermatology,0
hair removal korea,en,plastic-surgery,10
cheekbone reduction,en,plastic-surgery,200
rejuran injections,en,dermatology,200
face lipo,en,plastic-surgery,700
smas facelift,en,plastic-surgery,2200
laser hair removal in korea,en,dermatology,0
rejuran treatment,en,dermatology,1500
what is smas facelift,en,plastic-surgery,200
nostril reduction,en,plastic-surgery,450
fat dissolving injection,en,dermatology,800
alar base reduction cost,en,plastic-surgery,300
double jaw surgery korea cost,en,plastic-surgery,20
oligio,en,dermatology,600
ptosis treatment without surgery,en,plastic-surgery,350
korean eye surgery,en,plastic-surgery,250
how much is a nose job in korea,en,plastic-surgery,250
nose job cost in korea,en,plastic-surgery,250
korean lip filler,en,dermatology,500
center for facial rejuvenation,en,plastic-surgery,350
asian rhinoplasty before and after,en,plastic-surgery,200
fat dissolving shots,en,weight-loss,250
asian rhinoplasty,en,plastic-surgery,1200
hyperpigmentation laser treatment,en,dermatology,900
nose alar,en,plastic-surgery,200
stem cell facial cost,en,plastic-surgery,200
alar nose,en,plastic-surgery,200
arm fat dissolving injections,en,dermatology,150
alar plasty,en,plastic-surgery,200
what is rejuran,en,dermatology,700
alar base reduction before and after,en,plastic-surgery,250
flared nostril reduction surgery,en,plastic-surgery,350
endotine,en,plastic-surgery,400
juvelook,en,dermatology,1800
endotines,en,plastic-surgery,200
rejuran,en,dermatology,25000
ebss,en,plastic-surgery,250
minifacelift,en,plastic-surgery,200
korean fat dissolving injection,en,dermatology,60
skin stem cell therapy,en,plastic-surgery,20
ideal korean nose,en,plastic-surgery,70
view plastic surgery,en,plastic-surgery,250
view plastic surgery reviews,en,plastic-surgery,90
view plastic surgery korea,en,plastic-surgery,60
korean plastic surgery men,en,plastic-surgery,30
korea plastic surgery before after,en,plastic-surgery,90
chaewon boobs,en,plastic-surgery,70
male plastic surgery korea,en,plastic-surgery,30
korean plastic surgery clinic,en,plastic-surgery,100
view plastic surgery korea review,en,plastic-surgery,20
view clinic korea,en,plastic-surgery,20
korea plastic surgery before and after,en,plastic-surgery,100
plastic surgery models needed,en,plastic-surgery,10
v line surgery korea,en,plastic-surgery,80
seoul plastic surgery clinic,en,plastic-surgery,30
south korea breast augmentation before and after,en,plastic-surgery,70
chaewon tits,en,plastic-surgery,30
korean plastic surgery before after,en,plastic-surgery,200
lee hyeri plastic surgery,en,plastic-surgery,70
korean men plastic surgery,en,plastic-surgery,40
korean male plastic surgery,en,plastic-surgery,30
koreans before and after plastic surgery,en,plastic-surgery,50
rhinoplasty south korea,en,plastic-surgery,150
vip plastic surgery korea,en,plastic-surgery,200
protruded lips,en,plastic-surgery,60
double jaw surgery korea,en,plastic-surgery,80
korean male plastic surgery before and after,en,plastic-surgery,40
south korea plastic surgery before and after,en,plastic-surgery,100
korean surgery before and after,en,plastic-surgery,150
best korean plastic surgery,en,plastic-surgery,90
korean facelift before and after,en,plastic-surgery,60
plastic surgery models needed near me,en,plastic-surgery,20
best plastic surgery clinic in korea,en,plastic-surgery,50
seohyun plastic surgery,en,plastic-surgery,20
plastic surgery model,en,plastic-surgery,40
korean face surgery before and after,en,plastic-surgery,50
best plastic surgery korea,en,plastic-surgery,60
best korean plastic surgery clinic,en,plastic-surgery,50
korean before and after plastic surgery,en,plastic-surgery,100
seoul korea plastic surgery,en,plastic-surgery,10
plastic surgery clinic in korea,en,plastic-surgery,10
korean face lift before and after,en,plastic-surgery,60
korean kim kardashian,en,plastic-surgery,10
plastic surgery seoul korea,en,plastic-surgery,20
seoul cosmetic surgery,en,plastic-surgery,70
kim chaewon plastic surgery,en,plastic-surgery,20
did chaewon get plastic surgery,en,plastic-surgery,40
chaewon surgery,en,plastic-surgery,30
sauna before surgery,en,plastic-surgery,20
plastic surgery korea before after,en,plastic-surgery,20
korean cosmetic surgery before and after,en,plastic-surgery,30
korean before and after surgery,en,plastic-surgery,30
hyeri plastic surgery,en,plastic-surgery,50
plastic surgery in seoul,en,plastic-surgery,10
kim chaewon boobs,en,plastic-surgery,20
plastic surgery before and after korean,en,plastic-surgery,60
before and after plastic surgery korea,en,plastic-surgery,20
best plastic surgery clinic in south korea,en,plastic-surgery,20
best plastic surgery in seoul,en,plastic-surgery,20
korean breast,en,plastic-surgery,60
plastic surgery clinics in korea,en,plastic-surgery,10
plastic surgery seoul,en,plastic-surgery,30
asian plastic surgery before and after,en,plastic-surgery,70
face contouring surgery,en,plastic-surgery,350
ps korea,en,plastic-surgery,10
best plastic surgeon in south korea,en,plastic-surgery,30
before after korean plastic surgery,en,plastic-surgery,20
sebbin implants,en,plastic-surgery,30
plastic surgeons in korea,en,plastic-surgery,10
best plastic surgeon korea,en,plastic-surgery,20
korean plastic surgery before and after male,en,plastic-surgery,10
best plastic surgeons in south korea,en,plastic-surgery,20
revision jaw surgery,en,plastic-surgery,30
korea double jaw surgery,en,plastic-surgery,20
korea plastic surgery clinic,en,plastic-surgery,20
best korean plastic surgery clinic for foreigners,en,plastic-surgery,30
soyeon plastic surgery,en,plastic-surgery,10
korean surgery before after,en,plastic-surgery,20
korean before after plastic surgery,en,plastic-surgery,10
plastic surgeon in korea,en,plastic-surgery,10
protruding lips,en,plastic-surgery,350
surgery in korea,en,plastic-surgery,20
korean male rhinoplasty,en,plastic-surgery,20
best plastic surgeon in seoul korea,en,plastic-surgery,10
top plastic surgery in korea,en,plastic-surgery,10
chaewon breast implants,en,plastic-surgery,10
chaewon boob,en,plastic-surgery,10
epicanthoplasty before and after,en,plastic-surgery,400
sebbin breast implants size chart,en,plastic-surgery,0
chaewon breast,en,plastic-surgery,0
before and after plastic surgery korean,en,plastic-surgery,10
facial contouring surgery,en,plastic-surgery,400
sub brow lift,en,plastic-surgery,200
best nose,en,plastic-surgery,250
double jaw surgery results,en,plastic-surgery,30
v line surgery,en,plastic-surgery,600
canthoplasty,en,plastic-surgery,6600
what is canthoplasty,en,plastic-surgery,200
lateral canthoplasty,en,plastic-surgery,1400
epicanthoplasty,en,plastic-surgery,2200
under eye fat,en,plastic-surgery,300
mini lift,en,plastic-surgery,450
canthoplasty surgery,en,plastic-surgery,350
nostril reduction surgery,en,plastic-surgery,600
nose surgery types,en,plastic-surgery,200
deflated tits,en,plastic-surgery,500
korean rhinoplasty cost,en,plastic-surgery,50
free plastic surgery in korea,en,plastic-surgery,0
view plastic clinic,en,plastic-surgery,0
korean buccal fat removal,en,plastic-surgery,20
girin plastic surgery,en,plastic-surgery,400
gangnam unnie,en,plastic-surgery,300
banobagi plastic surgery,en,plastic-surgery,200
aga 京都,en,plastic-surgery,150
gangnam unni,en,plastic-surgery,50
wonjin plastic surgery,en,plastic-surgery,150
wonjin plastic surgery reviews,en,plastic-surgery,50
face plus plastic surgery clinic reviews,en,plastic-surgery,50
yellow plastic surgery korea,en,plastic-surgery,40
zestar plastic surgery,en,plastic-surgery,40
girin plastic surgery reviews,en,plastic-surgery,100
pop plastic surgery,en,plastic-surgery,70
wooa plastic surgery,en,plastic-surgery,80
luho plastic surgery,en,plastic-surgery,50
banobagi plastic surgery reviews,en,plastic-surgery,90
miho plastic surgery,en,plastic-surgery,50
arc plastic surgery korea,en,plastic-surgery,70
the plus plastic surgery,en,plastic-surgery,60
da plastic surgery reviews,en,plastic-surgery,100
oligio lifting price,en,dermatology,90
id hospital korea reviews,en,plastic-surgery,100
lip filler in korea,en,dermatology,100
wink plastic surgery korea,en,plastic-surgery,90
eraser clinic,en,dermatology,70
atop plastic surgery reviews,en,plastic-surgery,20
banobagi clinic,en,plastic-surgery,60
zestar plastic surgery korea,en,plastic-surgery,30
vs line,en,plastic-surgery,80
dream medical group,en,plastic-surgery,70
vg plastic surgery korea,en,plastic-surgery,100
on clinic,en,plastic-surgery,40
thank you plastic surgery,en,plastic-surgery,40
tj plastic surgery,en,plastic-surgery,100
pico fraxel,en,dermatology,150
vg plastic surgery,en,plastic-surgery,100
wink plastic surgery,en,plastic-surgery,70
thank you plastic surgery korea,en,plastic-surgery,40
id clinic korea,en,plastic-surgery,70
juvelook price,en,dermatology,70
id hospital korea,en,plastic-surgery,300
bt plastic surgery korea,en,plastic-surgery,60
cocoline plastic surgery,en,plastic-surgery,30
me clinic seoul reviews,en,plastic-surgery,80
face plus plastic surgery clinic,en,plastic-surgery,40
very good plastic surgery,en,plastic-surgery,40
regen plastic surgery korea,en,plastic-surgery,20
jw plastic surgery korea reviews,en,plastic-surgery,70
atop plastic surgery,en,plastic-surgery,30
woori plastic surgery,en,plastic-surgery,50
nasolabial fold filler price,en,dermatology,90
unni korea,en,plastic-surgery,10
1st button plastic surgery,en,plastic-surgery,20
yuno plastic surgery,en,plastic-surgery,20
345 plastic surgery,en,plastic-surgery,30
dr eyefit,en,plastic-surgery,100
bt plastic surgery,en,plastic-surgery,50
apgujeong plastic surgery,en,plastic-surgery,30
jw plastic surgery korea,en,plastic-surgery,90
kai plastic surgery,en,plastic-surgery,30
faceline plastic surgery,en,plastic-surgery,20
hanni plastic surgery,en,plastic-surgery,20
dream medical group korea,en,plastic-surgery,30
apgujeong seoul plastic surgery,en,plastic-surgery,20
jewelry plastic surgery,en,plastic-surgery,20
aegyo sal surgery,en,plastic-surgery,300
gangnamunni,en,plastic-surgery,0
regen plastic surgery,en,plastic-surgery,20
1st button,en,plastic-surgery,10
sketch plastic surgery korea seoul reviews,en,plastic-surgery,20
cinderella plastic surgery,en,plastic-surgery,30
top face plastic surgery,en,plastic-surgery,20
epicanthoplasty cost,en,plastic-surgery,80
forehead reduction surgery korea,en,plastic-surgery,60
1mm plastic surgery,en,plastic-surgery,20
april 31 plastic surgery,en,plastic-surgery,20
hugo plastic surgery,en,plastic-surgery,20
opera plastic surgery,en,plastic-surgery,20
louvre plastic surgery korea,en,plastic-surgery,0
oracle clinic seoul,en,plastic-surgery,10
woojin plastic surgery,en,plastic-surgery,10
ultraformer iii price,en,plastic-surgery,70
lamiche seoul,en,plastic-surgery,20
momo plastic surgery,en,plastic-surgery,20
gangnam unnies,en,plastic-surgery,0
jw plastic surgery reviews,en,plastic-surgery,50
wannabe plastic surgery,en,plastic-surgery,10
gu clinic seoul,en,plastic-surgery,20
bls clinic,en,plastic-surgery,20
hugo plastic surgery korea,en,plastic-surgery,20
banobagi plastic surgery review,en,plastic-surgery,10
sketch plastic surgery,en,plastic-surgery,10
ppeum clinic reviews,en,dermatology,10
b&viit eye center,en,plastic-surgery,20
gng hospital,en,plastic-surgery,10
sketch plastic surgery korea,en,plastic-surgery,10
soon plus plastic surgery,en,plastic-surgery,10
mods clinic,en,plastic-surgery,10
ab plastic surgery korea,en,plastic-surgery,500
buccal fat removal cost korea,en,plastic-surgery,30
doctors clinic shinsa,en,plastic-surgery,0
marble plastic surgery,en,plastic-surgery,10
lavieen laser price,en,dermatology,30
minji nose,en,plastic-surgery,20
eu dental korea,en,dental,10
eu dental,en,dental,10
delight medical & aesthetics reviews,en,plastic-surgery,30
bls clinic seoul,en,plastic-surgery,10
vs line clinic seoul,en,plastic-surgery,10
capri laser,en,dermatology,10
fresh plastic surgery,en,plastic-surgery,10
jt plastic surgery,en,plastic-surgery,20
buccal fat removal korea price,en,plastic-surgery,20
id dermatology,en,dermatology,20
doctors clinic sinsa seoul,en,plastic-surgery,0
topface plastic surgery,en,plastic-surgery,10
dream plastic surgery reviews,en,plastic-surgery,40
noselab korea,en,plastic-surgery,10
hiko nose lift price,en,plastic-surgery,20
id hospital korea price list,en,plastic-surgery,30
jw korean plastic surgery hospital reviews,en,plastic-surgery,30
dm plastic surgery korea,en,plastic-surgery,10
mine plastic surgery,en,plastic-surgery,20
gu clinic korea,en,plastic-surgery,10
banobagi korea,en,plastic-surgery,20
face plus plastic surgery clinic photos,en,plastic-surgery,20
j clinic,en,plastic-surgery,10
buccal fat removal korean,en,plastic-surgery,10
bls clinic korea,en,plastic-surgery,0
g clinic,en,plastic-surgery,10
cinderella plastic surgery reviews,en,plastic-surgery,10
dr allin,en,plastic-surgery,10
vs clinic,en,plastic-surgery,10
smoothbeam laser cost,en,dermatology,20
oligio cost,en,dermatology,20
yoona surgery,en,plastic-surgery,20
jungwoo plastic surgery,en,plastic-surgery,10
dite plastic surgery,en,plastic-surgery,0
faceplus korea,en,plastic-surgery,10
misarang beauty,en,plastic-surgery,150
kim yoo jung plastic surgery,en,plastic-surgery,10
ts plastic surgery,en,plastic-surgery,0
jfeel clinic seoul,en,plastic-surgery,20
orbital decompression cost,en,plastic-surgery,20
jfeel clinic reviews,en,plastic-surgery,0
1st button korea,en,plastic-surgery,0
oracle cheongdam,en,plastic-surgery,0
ppeum clinic,en,dermatology,10
blessing dermatology,en,dermatology,10
gu clinic gangnam,en,plastic-surgery,0
kim yoo-jung plastic surgery,en,plastic-surgery,10
item plastic surgery,en,plastic-surgery,0
yeonjun plastic surgery,en,plastic-surgery,10
gng plastic surgery,en,plastic-surgery,10
rejuran s,en,dermatology,400
jeon jong seo plastic surgery,en,plastic-surgery,10
shine u,en,plastic-surgery,10
rejuran hb,en,dermatology,450
inmode lifting price,en,dermatology,0
plus plastic surgery,en,plastic-surgery,10
jfeel clinic,en,plastic-surgery,10
eu surgery,en,plastic-surgery,0
lv plastic surgery sinsa korea,en,plastic-surgery,0
jfeel seoul,en,plastic-surgery,0
kim yoo-jung surgery,en,plastic-surgery,0
cdu plastic surgery,en,plastic-surgery,0
meifill,en,plastic-surgery,0
ppeum clinic korea,en,dermatology,0
braun beauty medical group,en,plastic-surgery,0
reborn clinic,en,plastic-surgery,0
vs clinic seoul,en,plastic-surgery,0
braun korea,en,plastic-surgery,0
earlobe filler cost,en,dermatology,200
dream plastic surgery,en,plastic-surgery,150
jw plastic surgery,en,plastic-surgery,50
jeon jong seo surgery,en,plastic-surgery,0
unni,en,plastic-surgery,500
wooa,en,plastic-surgery,70
lamiche,en,plastic-surgery,60
id hospital korea photos,en,plastic-surgery,30
cocoline,en,plastic-surgery,40
jt before surgery,en,plastic-surgery,150
min clinic,en,plastic-surgery,200
ipche,en,plastic-surgery,20
uvom,en,plastic-surgery,20
idhospital,en,plastic-surgery,10
philtrum reduction,en,plastic-surgery,200
lavieen laser,en,dermatology,150
onlif,en,plastic-surgery,20
onclinic,en,plastic-surgery,20
id hospital,en,plastic-surgery,250
aga 大阪,en,plastic-surgery,50
etonne,en,plastic-surgery,60
luho,en,plastic-surgery,20
vands,en,plastic-surgery,20
girin,en,plastic-surgery,150
uclinic,en,plastic-surgery,30
ultracol,en,plastic-surgery,200
reyou,en,plastic-surgery,350
mycell,en,plastic-surgery,250
picotoning,en,dermatology,200
wonjin,en,plastic-surgery,450
repic,en,plastic-surgery,450
shinseung plastic surgery,en,plastic-surgery,0
braun medical group korea,en,plastic-surgery,0
soon plus plastic,en,plastic-surgery,0
dodream korea,en,plastic-surgery,0
ready plastic surgery korea,en,plastic-surgery,0
eyebags vs aegyo sal,en,plastic-surgery,40
soon plus plastic surgery korea,en,plastic-surgery,0
プムクリニック 江南,ja,plastic-surgery,200
プム,ja,plastic-surgery,40
プムクリニック,ja,plastic-surgery,700
ベロテロフィラー,ja,plastic-surgery,10
韓国 クマ取り レーザー,ja,dermatology,150
プムクリニック ほくろ,ja,dermatology,30
韓国 ほくろ除去,ja,dermatology,1700
プムクリニック メニュー,ja,plastic-surgery,90
プムクリニック 韓国,ja,plastic-surgery,30
シルファーム 韓国,ja,plastic-surgery,50
韓国 脇ボトックス,ja,plastic-surgery,50
韓国 脱毛,ja,plastic-surgery,300
ボルニューマ 韓国,ja,plastic-surgery,200
韓国 タトゥー除去,ja,dermatology,40
韓国 プムクリニック,ja,plastic-surgery,40
ほくろ除去 韓国,ja,dermatology,500
プムクリニック 予約,ja,plastic-surgery,0
ptt korea,ja,plastic-surgery,60
チタニウムリフト 韓国,ja,plastic-surgery,200
韓国 ほくろ取り放題,ja,dermatology,300
韓国 タトゥー 除去,ja,dermatology,0
シャインビーム 江南,ja,plastic-surgery,450
カンナム 脱毛,ja,plastic-surgery,0
ハングルフィラー,ja,plastic-surgery,200
クマ取り 韓国,ja,dermatology,600
韓国 クマ取り,ja,dermatology,200
インモード 韓国,ja,plastic-surgery,150
プムクリニック レビュー,ja,plastic-surgery,10
韓国 くまとり,ja,plastic-surgery,500
韓国 レーザー,ja,dermatology,1000
韓国 ほくろ除去 値段,ja,dermatology,70
インモード 韓国 値段,ja,plastic-surgery,150
ルメッカ 韓国,ja,plastic-surgery,200
バログクリニック 韓国,ja,plastic-surgery,150
水光注射 韓国,ja,dermatology,400
韓国 水光注射,ja,dermatology,200
アティエル ヒアルロン酸,ja,plastic-surgery,150
プムクリニック 明洞,ja,plastic-surgery,800
黄金微针,ja,plastic-surgery,100
シミ取り 韓国,ja,dermatology,500
韓国 目の下のたるみ 料金,ja,plastic-surgery,150
ジュベルック 韓国,ja,dermatology,250
韓国 クマ取り 人気,ja,dermatology,80
目の下のたるみ レーザー,ja,plastic-surgery,150
カンナム美容クリニック,ja,plastic-surgery,20
目の下 たるみ レーザー,ja,plastic-surgery,350
クマ レーザー,ja,dermatology,300
カンナムクリニック,ja,plastic-surgery,50
グローバルクリニック,ja,plastic-surgery,80
チューンライナー,ja,plastic-surgery,500
ピコフラクセル,ja,plastic-surgery,300
ldm,ja,plastic-surgery,3500
ベビースキン水玉リフティング,ja,dermatology,200
チタニウムリフティング,ja,dermatology,400
チタンリフティング,ja,dermatology,100
リジュランヒーラー,ja,plastic-surgery,600
チャウムプレミアム,ja,plastic-surgery,450
チタニウムリフト,ja,plastic-surgery,4800
水光注射 名古屋,ja,dermatology,500
目の下脂肪再配置,ja,plastic-surgery,300
オンダリフト,ja,plastic-surgery,27000
インモードfx,ja,plastic-surgery,11000
リジュラン 韓国,ja,plastic-surgery,3000
プラピール,ja,plastic-surgery,1300
韓国 美容クリニック,ja,plastic-surgery,1100
韓国美容クリニック,ja,plastic-surgery,1000
シュリンクユニバース,ja,plastic-surgery,900
アクアピール,ja,plastic-surgery,900
韓国 肌治療,ja,plastic-surgery,900
韓国 ポテンツァ,ja,plastic-surgery,700
リジュランヒーラーとは,ja,plastic-surgery,700
韓国 シミ取り放題,ja,dermatology,700
ポテンツァ 韓国,ja,plastic-surgery,700
韓国 シミ取り おすすめ 病院,ja,dermatology,600
スキンブースター,ja,plastic-surgery,600
糸リフト 韓国,ja,plastic-surgery,600
インモードforma,ja,plastic-surgery,500
韓国 糸リフト,ja,plastic-surgery,500
ldm 韓国,ja,plastic-surgery,500
シュリンクユニバースとは,ja,plastic-surgery,350
ウルセラ 韓国,ja,plastic-surgery,350
韓国 リジュラン,ja,plastic-surgery,300
韓国 肌管理 クリニック,ja,dermatology,300
韓国 ヒアルロン酸,ja,plastic-surgery,250
id美容外科,ja,plastic-surgery,250
韓国 皮膚科,ja,dermatology,250
韓国 クリニック,ja,plastic-surgery,250
韓国 美容皮膚科,ja,dermatology,250
韓国 ボトックス 値段,ja,plastic-surgery,200
ウルトラコール,ja,plastic-surgery,200
韓国糸リフト,ja,plastic-surgery,200
インモード forma,ja,plastic-surgery,200
インモードfx forma 違い,ja,plastic-surgery,200
韓国 糸リフト 値段,ja,plastic-surgery,200
シンデレラ点滴,ja,plastic-surgery,200
韓流肌,ja,plastic-surgery,200
シンデレラ注射とは,ja,plastic-surgery,200
韓国 ほくろ除去 おすすめ,ja,dermatology,150
idクリニック 韓国,ja,plastic-surgery,150
韓国 ボトックス おすすめクリニック,ja,plastic-surgery,150
アイリジュラン,ja,plastic-surgery,150
韓国 糸リフト 相場,ja,plastic-surgery,150
韓国 ほくろ,ja,dermatology,100
idクリニック,ja,plastic-surgery,100
韓国 シミ取り 料金,ja,dermatology,100
id整形外科,ja,plastic-surgery,100
韓国ほくろ除去,ja,dermatology,100
イオンザイム,ja,plastic-surgery,70
韓国 id,ja,plastic-surgery,60
韓国 ほくろとり,ja,dermatology,60
id 韓国,ja,plastic-surgery,50
アクアピールとは,ja,plastic-surgery,50
id美容クリニック,ja,plastic-surgery,50
脱毛 韓国,ja,plastic-surgery,50
ソウル ほくろ除去,ja,dermatology,40
韓国 ホクロ除去,ja,plastic-surgery,40
id美容外科 韓国 料金,ja,plastic-surgery,30
id美容外科 韓国,ja,plastic-surgery,30
ホクロ除去 韓国,ja,plastic-surgery,30
ほくろ 韓国,ja,dermatology,20
id 美容外科,ja,plastic-surgery,20
ほくろとり 韓国,ja,dermatology,10
韓国id美容外科,ja,plastic-surgery,0
スキン ブースター,ja,plastic-surgery,0
アートメイク 眉,ja,dermatology,18000
鼻 整形,ja,plastic-surgery,16000
鼻整形,ja,plastic-surgery,14000
頬骨,ja,plastic-surgery,12000
フィラーとは,ja,plastic-surgery,8900
ほくろ除去 後悔,ja,dermatology,6800
眉毛タトゥー,ja,dermatology,4900
リジュラン注射,ja,plastic-surgery,4600
眉毛アート 値段,ja,plastic-surgery,4200
韓国 整形,ja,plastic-surgery,3300
眉アート 値段,ja,plastic-surgery,3300
韓国 美容医療,ja,plastic-surgery,3300
頬骨 引っ込める,ja,plastic-surgery,3100
眉毛 タトゥー,ja,dermatology,3000
オリジオ,ja,plastic-surgery,2800
韓国 美容,ja,plastic-surgery,2700
眉タトゥー,ja,dermatology,2700
鼻の整形,ja,plastic-surgery,2500
鼻整形 種類,ja,plastic-surgery,2400
肌管理,ja,dermatology,2400
整形 鼻,ja,plastic-surgery,2300
顎 整形,ja,plastic-surgery,2200
鼻先 整形,ja,plastic-surgery,2000
眉毛 アートメイク 値段,ja,dermatology,2000
韓国 肌管理,ja,dermatology,1700
リニアハイフ,ja,plastic-surgery,1700
韓国 眉毛アート,ja,plastic-surgery,1700
韓国美容,ja,plastic-surgery,1600
顔の輪郭,ja,plastic-surgery,1600
膝 ヒアルロン酸注射 料金,ja,plastic-surgery,1500
フィラーとは 整形,ja,plastic-surgery,1500
オリジオとは,ja,plastic-surgery,1400
頬骨削り,ja,plastic-surgery,1400
韓国 脂肪吸引,ja,plastic-surgery,1300
眉毛アートメイク 値段,ja,dermatology,1300
輪郭整形,ja,plastic-surgery,1200
シュリンク 美容,ja,plastic-surgery,1200
リップアートメイク 値段,ja,dermatology,1100
韓国製ボツリヌストキシン,ja,plastic-surgery,1000
リエンジャン,ja,plastic-surgery,1000
顔 輪郭,ja,plastic-surgery,1000
リエンジャン 韓国,ja,plastic-surgery,1000
肌管理とは,ja,dermatology,1000
頬骨 整形,ja,plastic-surgery,1000
眉毛 入れ墨,ja,plastic-surgery,1000
エラ 整形,ja,plastic-surgery,1000
韓国 アートメイク,ja,dermatology,1000
整形 老後 画像,ja,plastic-surgery,1000
ヒアルロン酸 名医,ja,plastic-surgery,900
韓国 鼻整形,ja,plastic-surgery,900
エラ削り 整形,ja,plastic-surgery,900
顎整形,ja,plastic-surgery,900
鼻整形 韓国,ja,plastic-surgery,900
韓国旅行 保険,ja,plastic-surgery,800
幹細胞注射,ja,plastic-surgery,800
韓国整形,ja,plastic-surgery,800
輪郭注射,ja,plastic-surgery,800
眉毛入れ墨,ja,plastic-surgery,800
アートメイク 値段,ja,dermatology,800
韓国 二重整形,ja,plastic-surgery,700
丸顔 整形,ja,plastic-surgery,700
スキンブースターとは,ja,plastic-surgery,700
ダブルエム 韓国,ja,plastic-surgery,700
整形鼻,ja,plastic-surgery,700
整形 韓国,ja,plastic-surgery,700
頬骨とは,ja,plastic-surgery,700
韓国 美容クリニック 人気,ja,plastic-surgery,700
韓国 ボトックス,ja,plastic-surgery,700
韓国 眉毛,ja,plastic-surgery,700
韓国肌管理,ja,dermatology,700
フィラー とは,ja,plastic-surgery,600
骨延長手術 金額,ja,plastic-surgery,600
韓国眉毛アート,ja,plastic-surgery,600
韓国美容医療,ja,plastic-surgery,600
眉 タトゥー,ja,dermatology,600
エラ 削り,ja,plastic-surgery,600
輪郭3点 ダウンタイム,ja,plastic-surgery,600
眉アート 韓国,ja,plastic-surgery,500
リジュラン 値段,ja,plastic-surgery,500
頬骨縮小,ja,plastic-surgery,500
韓国 美容皮膚科 おすすめ,ja,dermatology,500
リズネ,ja,plastic-surgery,500
頬骨骨切り,ja,plastic-surgery,500
アイライン タトゥー,ja,dermatology,500
ヒアルロン酸 溶かす 料金,ja,plastic-surgery,500
アートメイク 相場,ja,dermatology,500
美容クリニック 大手,ja,plastic-surgery,450
アートメーク 眉毛,ja,plastic-surgery,450
アートメイク 韓国 危険,ja,dermatology,450
脂肪溶解注射 値段,ja,weight-loss,450
涙袋アートメイク,ja,dermatology,450
アイライン アートメイク 値段,ja,dermatology,450
アートメイク 眉 値段,ja,dermatology,450
ポテンツァ 韓国 値段,ja,plastic-surgery,450
シュリンクとは 美容,ja,plastic-surgery,450
涙袋 アートメイク,ja,dermatology,450
顔輪郭,ja,plastic-surgery,400
眉毛アート値段,ja,plastic-surgery,400
アートメイク 韓国,ja,dermatology,400
韓国シミ取り,ja,dermatology,400
整形 輪郭,ja,plastic-surgery,400
韓国 整形 10年後,ja,plastic-surgery,400
明洞 美容クリニック,ja,plastic-surgery,400
顎 丸い,ja,plastic-surgery,400
頬骨 骨切り,ja,plastic-surgery,400
リップアート 値段,ja,plastic-surgery,400
肌管理 韓国,ja,dermatology,400
アートメイク タトゥー,ja,dermatology,400
ボトックス 韓国,ja,plastic-surgery,400
韓国アートメイク,ja,dermatology,400
鼻 整形 韓国,ja,plastic-surgery,400
脂肪吸引 韓国,ja,plastic-surgery,400
韓国眉毛,ja,plastic-surgery,400
整形 顎,ja,plastic-surgery,350
韓国 エラボトックス,ja,plastic-surgery,350
眉アート 相場,ja,plastic-surgery,350
幹細胞点滴,ja,plastic-surgery,350
韓国 ニキビ跡 治療,ja,dermatology,350
糸リフト レントゲン,ja,plastic-surgery,350
韓国 鼻フル 相場,ja,plastic-surgery,350
韓国 眉毛アート 値段,ja,plastic-surgery,350
顎が丸い,ja,plastic-surgery,350
脂肪吸引 全身 値段,ja,plastic-surgery,350
韓国 アートメイク おすすめ,ja,dermatology,350
眉毛アート 相場,ja,plastic-surgery,350
眉毛アート 韓国,ja,plastic-surgery,350
眉アートメイク 値段,ja,dermatology,300
韓国 毛穴治療,ja,plastic-surgery,300
韓国 整形 値段,ja,plastic-surgery,300
幹細胞 注射,ja,plastic-surgery,300
韓国 ヒアルロン酸 上手い,ja,plastic-surgery,300
サーマクールflx,ja,plastic-surgery,300
韓国 リフトアップ,ja,plastic-surgery,300
韓国 リップアート,ja,plastic-surgery,300
アイラインタトゥー,ja,dermatology,300
韓国 眉アート,ja,plastic-surgery,300
韓国 埋没,ja,plastic-surgery,300
韓国整形 10年後,ja,plastic-surgery,300
エラ削り 男,ja,plastic-surgery,250
輪郭3点 死亡,ja,plastic-surgery,250
韓国鼻整形,ja,plastic-surgery,250
眉毛入れ墨 値段,ja,plastic-surgery,250
眉入れ墨,ja,plastic-surgery,250
韓国 美容皮膚科 ツアー,ja,dermatology,250
韓国 アートメイク 値段,ja,dermatology,250
エイペックス 韓国,ja,plastic-surgery,250
眉アート値段,ja,plastic-surgery,250
韓国 インモード,ja,plastic-surgery,250
フィラー ヒアルロン酸 違い,ja,plastic-surgery,250
韓国 糸リフト 名医,ja,plastic-surgery,250
アートメイク アイライン 目尻だけ,ja,dermatology,250
韓国 眉アート 値段,ja,plastic-surgery,250
輪郭3点 韓国,ja,plastic-surgery,250
フィラー 美容,ja,plastic-surgery,250
韓国 美容整形,ja,plastic-surgery,250
韓国 ハイフ,ja,plastic-surgery,250
エラ骨,ja,plastic-surgery,250
顎先,ja,plastic-surgery,250
綺麗な輪郭,ja,plastic-surgery,250
眉毛 刺青,ja,plastic-surgery,250
輪郭注射とは,ja,plastic-surgery,250
韓国 眉毛アート おすすめ,ja,plastic-surgery,250
韓国ボトックス,ja,plastic-surgery,200
エラボトックス 韓国,ja,plastic-surgery,200
アートメイク 韓国 おすすめ,ja,dermatology,200
韓国 鼻 整形 値段,ja,plastic-surgery,200
アートメイク 料金,ja,dermatology,200
ほうれい線フィラー,ja,plastic-surgery,200
韓国 美肌治療,ja,plastic-surgery,200
カンナムオンニ 日本,ja,plastic-surgery,200
リメイ皮膚科 韓国,ja,dermatology,200
韓国 眉毛アート 人気,ja,plastic-surgery,200
顎丸い,ja,plastic-surgery,200
韓国クリニック,ja,plastic-surgery,200
鼻フル 韓国,ja,plastic-surgery,200
アートメイク値段,ja,dermatology,200
韓国 ニキビ跡治療 おすすめ,ja,dermatology,200
韓国美容整形,ja,plastic-surgery,200
ヘドゥリン皮膚科,ja,dermatology,200
韓国 美容皮膚科 毛穴,ja,dermatology,200
韓国 脂肪吸引 ツアー,ja,plastic-surgery,200
リジュラン 韓国 値段,ja,plastic-surgery,200
涙袋 整形 永久 値段,ja,plastic-surgery,200
リジュラン 注射,ja,plastic-surgery,200
韓国 二の腕 脂肪吸引,ja,plastic-surgery,200
velyb 韓国,ja,plastic-surgery,200
頬骨削り ダウンタイム,ja,plastic-surgery,200
韓国 肌管理 毛穴,ja,dermatology,200
輪郭3点 症例,ja,plastic-surgery,200
ボルニューマー,ja,plastic-surgery,200
眉 入れ墨,ja,plastic-surgery,200
輪郭三点 ダウンタイム,ja,plastic-surgery,200
エラ削り 韓国,ja,plastic-surgery,200
エラ削る,ja,plastic-surgery,200
韓国 美容医療 人気,ja,plastic-surgery,200
韓国 脂肪吸引 顔,ja,plastic-surgery,200
貴族フィラー 持ち,ja,plastic-surgery,200
輪郭3点 老後,ja,plastic-surgery,200
フィラーとは 美容,ja,plastic-surgery,200
フィラー注射,ja,plastic-surgery,200
ヒアルロン酸溶解注射 安い,ja,plastic-surgery,150
韓国 二重 自然癒着 値段,ja,plastic-surgery,150
ソウル 美容皮膚科,ja,dermatology,150
韓国 輪郭3点,ja,plastic-surgery,150
ノーズビーム 韓国,ja,plastic-surgery,150
韓国美容皮膚科,ja,dermatology,150
韓国 美容外科 日本進出,ja,plastic-surgery,150
脂肪吸引 韓国 値段,ja,plastic-surgery,150
リエンジャン 明洞,ja,plastic-surgery,150
韓国 ヒアルロン酸 値段,ja,plastic-surgery,150
韓国 輪郭3点 費用,ja,plastic-surgery,150
額フィラー,ja,plastic-surgery,150
韓国 ポテンツァ 料金,ja,plastic-surgery,150
韓国 美容施術,ja,plastic-surgery,150
美容 韓国,ja,plastic-surgery,150
韓国 肩ボトックス,ja,plastic-surgery,150
韓国 骨切り,ja,plastic-surgery,150
オリジオ 韓国,ja,plastic-surgery,150
アイラインアート,ja,plastic-surgery,150
眉毛 アートメイク 韓国,ja,dermatology,150
リジュラン 韓国クリニック,ja,plastic-surgery,150
鼻フル整形,ja,plastic-surgery,150
韓国 ニキビ治療 おすすめ,ja,dermatology,150
脂肪溶解注射 韓国,ja,weight-loss,150
エラ削り 値段,ja,plastic-surgery,150
肩ボトックス 韓国,ja,plastic-surgery,150
韓国 美容外科,ja,plastic-surgery,150
毛穴撲滅 レーザー 韓国,ja,dermatology,150
3deライン,ja,plastic-surgery,150
韓国 鼻 整形,ja,plastic-surgery,150
ニキビ跡 韓国,ja,dermatology,150
輪郭3点 韓国 費用,ja,plastic-surgery,100
韓国 ジュベルック,ja,dermatology,100
脂肪吸引注射 韓国,ja,plastic-surgery,100
アートメイク 眉 韓国,ja,dermatology,100
糸リフト 韓国 値段,ja,plastic-surgery,100
韓国 クマ取り 値段,ja,dermatology,100
韓国アートメイク 値段,ja,dermatology,100
鼻整形韓国,ja,plastic-surgery,100
アートメイク 韓国 値段,ja,dermatology,100
輪郭注射 韓国,ja,plastic-surgery,100
ララピール 韓国,ja,plastic-surgery,100
韓国 シミ取りレーザー 相場,ja,dermatology,100
韓国 医療脱毛,ja,plastic-surgery,100
韓国 脂肪吸引 安い,ja,plastic-surgery,100
リップアートメイク 韓国 値段,ja,dermatology,100
韓国 鼻,ja,plastic-surgery,100
輪郭三点 韓国,ja,plastic-surgery,100
骨切り 韓国,ja,plastic-surgery,100
明洞 美容皮膚科,ja,dermatology,100
韓国 糸リフト おすすめ,ja,plastic-surgery,100
韓国 涙袋 ヒアルロン酸,ja,plastic-surgery,100
韓国 鼻フル,ja,plastic-surgery,100
韓国 脂肪溶解注射,ja,weight-loss,100
幹細胞 点滴,ja,plastic-surgery,100
眉毛アート韓国,ja,plastic-surgery,100
韓国 整形前,ja,plastic-surgery,100
韓国糸リフト値段,ja,plastic-surgery,100
シュリンク 韓国,ja,plastic-surgery,100
韓国 足 整形,ja,plastic-surgery,100
韓国 ヒアルロン酸 おすすめ クリニック,ja,plastic-surgery,100
韓国 ヒアルロン酸 相場,ja,plastic-surgery,90
釜山 美容皮膚科 安い,ja,dermatology,90
韓国 鼻整形 上手い,ja,plastic-surgery,90
韓国 ニキビ治療,ja,dermatology,90
頬骨 整形 切らない,ja,plastic-surgery,90
韓国 輪郭3点 名医,ja,plastic-surgery,90
顔 脂肪吸引 韓国,ja,plastic-surgery,90
韓国皮膚科,ja,dermatology,90
リエンジャンクリニック,ja,plastic-surgery,90
ヒアルロン酸 韓国,ja,plastic-surgery,90
美容整形 韓国,ja,plastic-surgery,80
韓国ヒアルロン酸,ja,plastic-surgery,80
リエンジャン 江南,ja,plastic-surgery,80
韓国 整形 鼻,ja,plastic-surgery,80
サーマクール 韓国,ja,plastic-surgery,80
韓国 鼻整形 値段,ja,plastic-surgery,80
韓国 ニキビ跡 治療 値段,ja,dermatology,80
韓国 ウルセラ,ja,plastic-surgery,80
頬骨 縮小,ja,plastic-surgery,80
韓国 リジュラン注射,ja,plastic-surgery,80
韓国 ヒアルロン酸 ほうれい線 値段,ja,plastic-surgery,80
韓国美容外科,ja,plastic-surgery,80
韓国 アートメイク 眉毛,ja,dermatology,80
韓国 エラボトックス 値段,ja,plastic-surgery,80
韓国 鼻整形 費用,ja,plastic-surgery,80
韓国ヒアルロン酸 値段,ja,plastic-surgery,70
涙袋 ヒアルロン酸 韓国,ja,plastic-surgery,70
韓国 二重整形 料金,ja,plastic-surgery,70
リズネ 韓国,ja,plastic-surgery,70
韓国 脂肪注入,ja,plastic-surgery,70
フォトフェイシャル 韓国,ja,plastic-surgery,70
韓国 肩ボトックス 値段,ja,plastic-surgery,70
韓国 シミ取り 皮膚科,ja,dermatology,70
アートメイク韓国,ja,dermatology,70
ダイエット 皮余り 手術 費用,ja,plastic-surgery,70
韓国 小顔整形,ja,plastic-surgery,70
韓国 ほくろ除去 500円,ja,dermatology,70
おでこ ヒアルロン酸 韓国 値段,ja,plastic-surgery,60
リップアートメイク 韓国,ja,dermatology,60
韓国鼻整形 ナチュラル,ja,plastic-surgery,60
韓国 埋没 料金,ja,plastic-surgery,60
韓国 リップアートメイク,ja,dermatology,60
韓国 二重整形 値段,ja,plastic-surgery,60
韓国 アートメイク 眉,ja,dermatology,60
韓国 ポテンツァ 値段,ja,plastic-surgery,60
リエンジャン 口コミ,ja,plastic-surgery,60
整形韓国,ja,plastic-surgery,60
韓国エラボトックス,ja,plastic-surgery,60
韓国 ヒアルロン酸 安い,ja,plastic-surgery,60
韓国 輪郭,ja,plastic-surgery,60
整形 モデル,ja,plastic-surgery,60
韓国 涙袋 整形,ja,plastic-surgery,60
韓国 イボ取り 料金,ja,plastic-surgery,60
エラ削り おすすめ,ja,plastic-surgery,60
リエンジャン美容外科,ja,plastic-surgery,60
リエンジャン ホンデ,ja,plastic-surgery,60
リニアージ,ja,plastic-surgery,60
韓国 脂肪吸引 値段,ja,plastic-surgery,50
韓国鼻整形 値段,ja,plastic-surgery,50
美容クリニック 韓国,ja,plastic-surgery,50
韓国 整形費用,ja,plastic-surgery,50
韓国整形費用,ja,plastic-surgery,50
韓国 エラ,ja,plastic-surgery,50
整形モデル,ja,plastic-surgery,50
眉アート 韓国 値段,ja,plastic-surgery,50
脂肪吸引 値段 韓国,ja,plastic-surgery,50
韓国 眉毛 アートメイク,ja,dermatology,50
韓国 鼻整形 名医,ja,plastic-surgery,50
韓国鼻,ja,plastic-surgery,50
眉アートメイク 韓国,ja,dermatology,50
韓国 整形外科,ja,plastic-surgery,50
韓国 豊胸 値段,ja,plastic-surgery,50
韓国 シュリンク,ja,plastic-surgery,50
糸リフト韓国,ja,plastic-surgery,50
韓国 ララピール,ja,plastic-surgery,40
輪郭3点 韓国 安い,ja,plastic-surgery,40
韓国整形 鼻,ja,plastic-surgery,40
韓国 エラ削り,ja,plastic-surgery,40
鼻中隔延長 韓国,ja,plastic-surgery,40
韓国 美容整形 料金,ja,plastic-surgery,40
韓国 輪郭整形 名医,ja,plastic-surgery,40
ヘアライン矯正 韓国 値段,ja,plastic-surgery,40
韓国 整形 安い,ja,plastic-surgery,40
脇ボトックス 韓国,ja,plastic-surgery,40
頬骨削り 韓国,ja,plastic-surgery,40
韓国 輪郭整形,ja,plastic-surgery,40
リエンジャン カンナム,ja,plastic-surgery,40
韓国 整形 費用,ja,plastic-surgery,40
韓国 脂肪吸引 費用,ja,plastic-surgery,40
韓国 脱毛 安い,ja,plastic-surgery,40
韓国 美容皮膚科 日本語対応,ja,dermatology,40
韓国 目 整形,ja,plastic-surgery,40
韓国 ほうれい線 治療,ja,plastic-surgery,40
輪郭三点 韓国 費用,ja,plastic-surgery,40
鼻 韓国,ja,plastic-surgery,40
整形顔 韓国,ja,plastic-surgery,40
韓国 美容皮膚科 ニキビ,ja,dermatology,40
韓国脂肪溶解注射,ja,weight-loss,40
リジュラン注射 韓国,ja,plastic-surgery,40
韓国輪郭3点,ja,plastic-surgery,40
韓国ボトックス 値段,ja,plastic-surgery,40
韓国整形 費用,ja,plastic-surgery,40
韓国 ダーマペン 値段,ja,plastic-surgery,40
輪郭2点 韓国 費用,ja,plastic-surgery,40
白玉注射 韓国,ja,plastic-surgery,40
韓国骨切り,ja,plastic-surgery,40
韓国 オリジオ,ja,plastic-surgery,30
フィラー 整形 とは,ja,plastic-surgery,30
韓国整形値段,ja,plastic-surgery,30
韓国 美容クリニック 日本,ja,plastic-surgery,30
輪郭整形 韓国,ja,plastic-surgery,30
韓国 リジュラン注射 クリニック,ja,plastic-surgery,30
韓国 鼻 ヒアルロン酸,ja,plastic-surgery,30
韓国脂肪注入,ja,plastic-surgery,30
涙袋ヒアルロン酸 韓国,ja,plastic-surgery,30
頬骨縮小 韓国,ja,plastic-surgery,30
韓国 シミ取り 値段,ja,dermatology,30
シミ注射 韓国,ja,dermatology,30
眉毛タトゥー 韓国,ja,dermatology,30
韓国 ニキビ 治療,ja,dermatology,30
韓国 リエンジャン,ja,plastic-surgery,30
韓国 フィラー,ja,plastic-surgery,30
リエンジャン ボトックス,ja,plastic-surgery,30
エラ 韓国,ja,plastic-surgery,20
韓国 ほうれい線 ヒアルロン酸,ja,plastic-surgery,20
韓国 整形 料金,ja,plastic-surgery,20
韓国 美容整形外科,ja,plastic-surgery,20
韓国 骨切り 値段,ja,plastic-surgery,20
鼻整形 韓国 費用,ja,plastic-surgery,20
鼻 韓国 整形,ja,plastic-surgery,20
輪郭 韓国,ja,plastic-surgery,20
韓国 フィラー おすすめ,ja,plastic-surgery,20
鼻整形 韓国 おすすめ,ja,plastic-surgery,20
皮膚科 韓国,ja,dermatology,20
韓国 眉 アートメイク,ja,dermatology,20
頬骨セットバック 韓国,ja,plastic-surgery,20
韓国整形外科,ja,plastic-surgery,20
韓国 鼻整形 いくら,ja,plastic-surgery,20
小顔整形 韓国,ja,plastic-surgery,20
韓国 ヘアライン アートメイク,ja,dermatology,20
ヒアルロン 酸 韓国,ja,plastic-surgery,20
小鼻ボトックス 韓国,ja,plastic-surgery,20
輪郭 整形 韓国,ja,plastic-surgery,20
フィラー 韓国,ja,plastic-surgery,20
韓国 脂肪 吸引 顔,ja,plastic-surgery,20
韓国 整形 カウンセリング,ja,plastic-surgery,20
リジュラン 韓国 施術,ja,plastic-surgery,20
韓国 鼻整形 おすすめ,ja,plastic-surgery,20
日本にある韓国美容外科,ja,plastic-surgery,20
韓国 唇フィラー,ja,plastic-surgery,20
韓国 ヒアルロン酸 ほうれい線,ja,plastic-surgery,20
韓国 頬骨,ja,plastic-surgery,20
韓国人 輪郭,ja,plastic-surgery,20
眉タトゥー 韓国,ja,dermatology,20
輪郭3点 韓国 おすすめ,ja,plastic-surgery,20
顔 横幅 整形,ja,plastic-surgery,20
唇 ヒアルロン酸 韓国,ja,plastic-surgery,20
韓国 眉毛タトゥー,ja,dermatology,20
韓国 整形 通訳,ja,plastic-surgery,20
韓国眉毛アートメイク,ja,dermatology,20
唇フィラー 韓国,ja,plastic-surgery,20
韓国 整形 相場,ja,plastic-surgery,20
韓国小顔整形,ja,plastic-surgery,20
韓国 美容クリニック 日本語,ja,plastic-surgery,20
韓国 骨削り 名医,ja,plastic-surgery,20
韓国 埋没 値段,ja,plastic-surgery,20
韓国エラ削り,ja,plastic-surgery,10
脂肪吸引 全身 値段 韓国,ja,plastic-surgery,10
韓国整形鼻,ja,plastic-surgery,10
韓国輪郭整形,ja,plastic-surgery,10
首のシワ 整形 韓国,ja,plastic-surgery,10
韓国脂肪吸引値段,ja,plastic-surgery,10
韓国整形 値段,ja,plastic-surgery,10
韓国 輪郭 整形,ja,plastic-surgery,10
韓国 ボトックス 安い,ja,plastic-surgery,10
豊胸 値段 韓国,ja,plastic-surgery,10
韓国 皮膚科 スキンケア,ja,dermatology,10
韓国 ハイフ 値段,ja,plastic-surgery,10
鼻彫刻注射 韓国,ja,plastic-surgery,10
韓国 ニキビ 跡 治療,ja,dermatology,10
韓国 クマ取り 料金,ja,dermatology,10
ふくらはぎボトックス 韓国,ja,plastic-surgery,10
頬骨 韓国,ja,plastic-surgery,10
太もも ボトックス 韓国,ja,plastic-surgery,10
眉毛 アート 韓国,ja,plastic-surgery,10
鼻整形費用 韓国,ja,plastic-surgery,10
アクアピーリング 韓国 安い,ja,plastic-surgery,10
ヒト幹細胞 韓国,ja,plastic-surgery,10
唇 フィラー 韓国,ja,plastic-surgery,10
頬骨 整形 韓国,ja,plastic-surgery,10
ソウル 美容 皮膚 科,ja,plastic-surgery,10
リエンジャン ポテンツァ,ja,plastic-surgery,10
小顔 整形 韓国,ja,plastic-surgery,10
リエンジャン 料金表,ja,plastic-surgery,10
美容整形 流れ,ja,plastic-surgery,10
鼻フル 整形 韓国,ja,plastic-surgery,10
水光注射 韓国 値段,ja,dermatology,10
韓国 整形 病院,ja,plastic-surgery,10
脂肪溶解注射 韓国 値段,ja,weight-loss,10
おでこ ヒアルロン酸 韓国,ja,plastic-surgery,10
韓国 整形 クリニック,ja,plastic-surgery,10
韓国 顎 整形,ja,plastic-surgery,10
目頭切開 韓国 値段,ja,plastic-surgery,10
韓国 鼻フル 費用,ja,plastic-surgery,10
韓国 鼻 整形 費用,ja,plastic-surgery,10
韓国 糸 リフト,ja,plastic-surgery,10
鼻 ヒアルロン酸 韓国,ja,plastic-surgery,10
韓国 頬骨削り,ja,plastic-surgery,10
韓国整形安い,ja,plastic-surgery,0
韓国 エラ削り 費用,ja,plastic-surgery,0
垂れた胸 整形 費用 韓国,ja,plastic-surgery,0
韓国整形 リフトアップ 費用,ja,plastic-surgery,0
豊胸 韓国 費用,ja,plastic-surgery,0
韓国 輪郭整形 料金,ja,plastic-surgery,0
リジュラン注射 韓国 値段,ja,plastic-surgery,0
鼻フル 韓国 費用,ja,plastic-surgery,0
韓国整形 通訳,ja,plastic-surgery,0
韓国 美容皮膚科 値段,ja,dermatology,0
リエンジャン メニュー,ja,plastic-surgery,0
整形 韓国 費用,ja,plastic-surgery,0
韓国クマ取り値段,ja,dermatology,0
睡眠麻酔 韓国,ja,plastic-surgery,0
輪郭整形 費用 韓国,ja,plastic-surgery,0
韓国 クマ取り 安い,ja,dermatology,0
韓国 小顔 整形,ja,plastic-surgery,0
脂肪 吸引 韓国 値段,ja,plastic-surgery,0
韓国で整形 費用,ja,plastic-surgery,0
目頭切開 値段 韓国,ja,plastic-surgery,0
リエンジャン 予約,ja,plastic-surgery,0
貴族手術 韓国 費用,ja,plastic-surgery,0
リジュランヒーラー 韓国,ja,plastic-surgery,0
韓国 美容 外科,ja,plastic-surgery,0
韓国 美容皮膚科 安い,ja,dermatology,0
顎削り 費用 韓国,ja,plastic-surgery,0
韓国 豊胸 脂肪注入 値段,ja,plastic-surgery,0
エラ 削り 韓国,ja,plastic-surgery,0
韓国 顔 脂肪吸引 料金,ja,plastic-surgery,0
顎削り 韓国,ja,plastic-surgery,0
韓国 小鼻縮小 費用,ja,plastic-surgery,0
エラ削り 韓国 費用,ja,plastic-surgery,0
シンデレラ美容外科 韓国 費用,ja,plastic-surgery,0
目 つき 矯正 韓国,ja,plastic-surgery,0
切開リフト 韓国 値段,ja,plastic-surgery,0